出现时间,弹幕模式,字号,颜色,发送时间,弹幕池,发送者id,rowID,弹幕内容
00:00:00,1,25,16777215,Sun Jan 15 16:04:44 2017,0,24beb478,2850630427,可爱~
00:00:01,1,25,16777215,Sat Mar 18 15:03:54 2017,0,80e6138e,3113744130,至少你们还能相伴
00:00:01,5,25,15138834,Fri Sep  7 22:01:25 2018,0,a91aa2eb,4816481936211968,开头请ky圆润的滚出去 小学生都不看tag标题吗
00:00:02,1,25,16777215,Fri Oct  7 14:02:38 2016,0,ab808d3,2516972301,交出封面
00:00:02,1,25,16777215,Mon May 29 01:01:00 2017,0,a2d86dff,3413334529,惊现企鹅
00:00:02,1,25,16777215,Sat Jul 21 22:16:41 2018,0,d7565033,2642635032887362,歌曲千年之恋
00:00:02,1,25,16777215,Sat May 20 12:12:09 2017,0,486acb2d,3378913589,二周目
00:00:02,1,25,16777215,Sat May 20 19:07:06 2017,0,4b25db90,3380935029,真·三生三世
00:00:03,1,25,16777215,Sun Sep 11 18:06:11 2016,0,924b7d32,2396149749,x
00:00:03,1,25,16777215,Thu Oct  4 12:31:46 2018,0,edd7ed94,6021621441101824,封面的斑斑好傲娇啊～
00:00:04,1,25,16777215,Mon Jul 31 01:45:11 2017,0,4b25db90,3627979066,真·三生三世
00:00:04,1,25,16777215,Mon Nov 21 22:10:59 2016,0,950b1d34,2682892135,好帅
00:00:05,1,25,16777215,Fri May  4 15:49:43 2018,0,50b8afa7,4509750099,阿修罗系都越长越黑是为什么……
00:00:06,1,25,16707842,Wed Jan 10 20:19:16 2018,0,2ab07331,4171147921,真.三生三世
00:00:06,1,25,16777215,Fri Feb  3 11:11:21 2017,0,1b8dd8f0,2944205470,封面哪来的我也要
00:00:06,1,25,16777215,Thu Sep 15 13:01:14 2016,0,5c895f8a,2407949755,原来阿修罗小时候就这么黑Ծ ̮ Ծ
00:00:06,1,25,16777215,Tue Oct 23 00:28:57 2018,0,edd7ed94,6859554930819072,封面上的斑斑真可爱
00:00:06,1,25,8700107,Tue Nov  6 17:38:17 2018,0,edd7ed94,7526113463500800,交出封面，饶你不死！！！
00:00:07,1,25,0,Tue Aug  8 14:32:44 2017,0,771c00d2,3666596159,额额呃呃呃
00:00:07,1,25,16777215,Fri Aug  4 10:33:05 2017,0,48e15835,3647420040,交封不杀
00:00:07,1,25,16777215,Mon May 13 17:51:22 2019,0,bccb9ade,16042640119169024,交封不杀
00:00:07,1,25,16777215,Sun Jul  8 20:16:35 2018,0,188bba5c,2049977032376324,交封不杀
00:00:09,1,25,16777215,Mon Aug 27 13:14:34 2018,0,3f5d1907,4301625392365572,鸣佐
00:00:09,1,25,16777215,Mon Jun 20 23:11:56 2016,0,86805f3d,1980349449,哇塞
00:00:09,1,25,16777215,Sat Jul 22 02:21:46 2017,0,9a2a4f5a,3588448224,三生三世十里be
00:00:09,1,25,16777215,Sat Oct 21 18:02:08 2017,0,e0a4f3dc,3909586392,封面中唯一黄毛的鸣人瞩目
00:00:10,1,25,16777215,Sat Sep 23 16:19:22 2017,0,dbb5eb98,3831113984,交封不杀
00:00:10,1,25,16777215,Thu Oct 12 21:53:22 2017,0,696a28c2,3888471779,看一次哭一次
00:00:12,1,25,16777215,Thu Jun  8 16:04:57 2017,0,92e79d78,3440854302,我阿修罗咋这么黑
00:00:12,5,25,65535,Thu Jun 23 10:10:44 2016,0,101ddd54,1987681397,BGM:千年之恋
00:00:13,1,25,16777215,Sun Mar 24 09:11:18 2019,0,4a3c0983,13761356100009988,封面好评
00:00:13,1,25,16777215,Thu Aug  3 10:34:27 2017,0,c6f86f2c,3642674946,妈是谁
00:00:14,1,25,16707842,Wed Jan 10 20:19:39 2018,0,2ab07331,4171148805,真•三生三世
00:00:14,1,25,16777215,Thu Feb  8 20:47:02 2018,0,2850df76,4276666923,是千年之恋！
00:00:14,1,25,16777215,Wed Apr 25 05:44:14 2018,0,c39eae53,4485463937,5555
00:00:15,1,25,0,Tue Aug  8 14:32:35 2017,0,771c00d2,3666596683,哦哈哈哈哈哈哈
00:00:15,1,25,16777215,Mon Jul 11 22:10:13 2016,0,2907a8ac,2071594065,千年之恋
00:00:15,1,25,16777215,Tue Jun 21 14:02:34 2016,0,afc8fb6c,1981771579,可爱的团子
00:00:15,5,25,16777215,Tue Aug 30 22:10:09 2016,0,19f1e30,2356264965,歌手：飞儿乐队
00:00:16,1,25,16777215,Sun May 21 15:03:57 2017,0,3d2e3548,3386175029,因陀罗好帅！！！
00:00:16,1,25,16777215,Wed Jul 20 19:07:24 2016,0,150f9aa6,2118214877,千年之恋……
00:00:17,1,25,16777215,Sat May  4 11:07:09 2019,0,1e73ac16,15622238049402882,千年之恋
00:00:17,1,25,16777215,Sat Sep 24 16:04:29 2016,0,1970834a,2438539803,好可爱
00:00:18,1,25,16777215,Fri May 18 13:57:59 2018,0,33251d2f,4544637569,三生三世，花式be
00:00:18,1,25,16777215,Thu Aug  3 18:57:38 2017,0,84fb4afd,3644878962,黑白配
00:00:19,1,25,16777215,Mon Jan 28 21:26:56 2019,0,98c06bad,11293080209588226,千年之恋
00:00:21,1,25,16777215,Thu Aug 24 23:06:33 2017,0,33347b7c,3744275260,这是啥歌
00:00:22,1,25,16777215,Sun Apr  7 08:17:57 2019,0,9b5a0c7a,14393856240386048,刚从生生世世爱过来
00:00:23,1,25,16777215,Sun Jan 20 17:29:27 2019,0,3f7eb686,10923221910028290,阿修罗好可爱啊
00:00:23,1,25,16777215,Thu Oct 20 13:01:13 2016,0,d7e8036c,2572658809,因陀罗好可爱
00:00:24,1,25,0,Sat Dec 10 17:05:14 2016,0,13f2d812,2736004015,一黑一白啊
00:00:24,1,25,16777215,Wed Jun 22 18:06:19 2016,0,6a40a08c,1985740669,这歌叫什么名字
00:00:26,1,25,0,Sat Mar 11 14:02:31 2017,0,a8edc014,3089493660,我的桃花十里，没有你
00:00:26,1,25,15138834,Tue Aug  9 15:03:49 2016,0,a193181,2233610163,因陀罗好萌啊
00:00:26,1,25,16777215,Tue Jun 21 01:01:21 2016,0,1957b314,1980567145,无字幕在哪下的啊！
00:00:27,1,25,0,Sat May 20 16:04:55 2017,0,7070def2,3380253533,????
00:00:27,1,25,16777215,Mon Jan 28 21:27:10 2019,0,98c06bad,11293088006799362,bgm千年之恋
00:00:28,1,25,16776960,Tue May 16 00:12:51 2017,0,55234921,3362442476,《千年之恋》
00:00:29,1,25,16777215,Sat Sep 24 16:04:29 2016,0,1970834a,2438540497,因陀罗好帅的
00:00:31,1,25,16777215,Wed Aug 16 21:23:04 2017,0,a9e01fad,3705998886,骨科大法好！
00:00:31,1,25,16777215,Wed Jul 13 22:10:30 2016,0,a9c9809d,2081574707,看到三生三世组就进来了
00:00:32,1,25,16777215,Fri Aug  4 21:43:13 2017,0,97c60e4,3650346070,不是三生三世嘛，怎么是千年之恋
00:00:32,1,25,16777215,Mon Jul 11 22:10:13 2016,0,2907a8ac,2071595677,FIR的千年之恋
00:00:32,1,25,16777215,Tue Feb 12 13:14:38 2019,0,9324b3c,11957071404072964,都好可爱
00:00:33,1,25,14811775,Sat Aug 12 12:55:32 2017,0,955db3c7,3684874864,粽子！
00:00:33,1,25,16777215,Sun Dec 24 16:22:18 2017,0,1dd01d1d,4057507554,突然发现三世，一世比一世落
00:00:33,5,25,16777215,Wed Nov 16 21:09:19 2016,0,f5df1dd7,2666854321,交封面不杀
00:00:34,1,25,16777215,Sun Jan  6 16:19:24 2019,0,2cbf5e94,10286839516102658,bgm千年之恋
00:00:34,1,25,16777215,Thu Feb 16 15:03:26 2017,0,d4e6e4f3,3010066432,想当年因陀罗还是个善良可爱的小孩子
00:00:35,1,25,16777215,Fri Jun 24 22:10:26 2016,0,79668c18,1993700837,粽子君每次出现都让我想笑o(*≧▽≦)ツ┏━┓
00:00:35,1,25,16777215,Tue Jun 21 18:06:05 2016,0,e663f8f7,1982360083,画质精良
00:00:36,1,25,16777215,Tue May  1 17:34:31 2018,0,897590cd,4503012140,题目中的三生三世指的不是歌，而是因陀罗和阿修罗的三次转世
00:00:39,1,25,16777215,Fri Oct 14 15:03:03 2016,0,5c1043ee,2551835583,因陀罗小时候比阿修罗可爱啊
00:00:40,1,25,15138834,Fri Feb 17 19:07:26 2017,0,99716bb7,3014628676,因陀罗当初想要获得力量是为了保护弟弟。。。。。
00:00:40,1,25,16777215,Sat Feb 24 15:33:10 2018,0,d29f76b6,4339009252,因陀罗因为粽子黑
00:00:40,1,25,16777215,Thu Jun 30 12:12:11 2016,0,a2da029f,2015164659,好听
00:00:40,5,25,16777215,Tue Jun 21 14:02:36 2016,0,afc8fb6c,1981773737,这里泪目
00:00:41,1,25,16777215,Sat Sep 24 16:04:29 2016,0,1970834a,2438541127,粽子
00:00:44,1,25,16777215,Fri Apr 26 20:16:28 2019,0,4defeb2,15277130123837444,本来就是三生三世
00:00:45,1,25,16777215,Tue Jun 28 15:03:59 2016,0,ffe1b6a5,2008413481,好看
00:00:45,4,25,15138834,Mon May 22 18:06:24 2017,0,2b661261,3391706049,竹林的灯火
00:00:46,1,25,16777215,Thu Oct  4 12:33:25 2018,0,edd7ed94,6021673320972288,因陀罗好温柔
00:00:46,5,25,16724991,Thu Sep 29 23:11:48 2016,0,29f3186a,2462090801,竹林的灯火
00:00:47,1,25,16776960,Mon May 15 22:10:04 2017,0,55234921,3361663360,飞儿乐团..（老年人一把泪啊
00:00:47,1,25,16777215,Mon Jul  3 16:04:33 2017,0,16ea7633,3516859117,盛世美颜因陀罗
00:00:47,1,25,16777215,Mon Jul 17 07:07:28 2017,0,f590c8c2,3568383119,红字好评
00:00:47,4,25,15138834,Mon May 22 18:06:26 2017,0,2b661261,3391707311,到过的沙漠
00:00:47,5,25,16724991,Thu Sep 29 23:11:48 2016,0,29f3186a,2462091599,岛国的沙漠
00:00:48,4,25,15138834,Mon May 22 18:06:26 2017,0,2b661261,3391708851,七色的国度
00:00:48,5,25,16777215,Tue Jun 21 14:02:36 2016,0,afc8fb6c,1981775751,想获得力量的初衷是为了保护你啊
00:00:49,1,25,16777215,Sun Jan 15 16:04:45 2017,0,24beb478,2850636215,弟弟，别哭了……
00:00:49,1,25,16777215,Tue Jun 21 07:07:34 2016,0,997678d1,1980803851,好棒
00:00:49,5,25,16724991,Thu Sep 29 23:11:49 2016,0,29f3186a,2462092897,七色的国度
00:00:50,1,25,16777215,Tue Oct  3 14:01:38 2017,0,df434bc4,3856284303,因陀罗小的时候真的好温柔
00:00:50,4,25,15138834,Mon May 22 18:06:27 2017,0,2b661261,3391710293,不断飘逸风中
00:00:50,5,25,16724991,Thu Sep 29 23:11:49 2016,0,29f3186a,2462094079,不断飘逸风中
00:00:52,1,25,16777215,Thu Aug 25 12:12:57 2016,0,382a19a,2325370883,因陀罗帅！
00:00:52,4,25,15138834,Mon May 22 18:06:28 2017,0,2b661261,3391714993,有一种神秘
00:00:53,1,25,16777215,Sat Dec 15 16:18:39 2018,0,f43a71f5,9290249307947008,停不下来了
00:00:53,1,25,16777215,Wed Jun  6 11:36:26 2018,0,c74e3f0a,584062837719042,bgm千年之恋
00:00:53,4,25,15138834,Mon May 22 18:06:27 2017,0,2b661261,3391716859,灰色的旋涡
00:00:53,5,25,16724991,Thu Sep 29 23:11:49 2016,0,29f3186a,2462094947,有一种神秘
00:00:54,4,25,15138834,Mon May 22 18:06:32 2017,0,2b661261,3391730897,将我卷入了迷雾中
00:00:54,5,25,16724991,Thu Sep 29 23:11:50 2016,0,29f3186a,2462095807,灰色的漩涡
00:00:55,5,25,16724991,Thu Sep 29 23:11:50 2016,0,29f3186a,2462096759,将我卷入了迷雾中
00:00:56,1,25,15138834,Sun May 21 13:01:47 2017,0,9808b111,3385465177,紫色字幕好评，但是……你能不能下去？
00:00:56,1,25,16777215,Fri Sep 23 21:09:39 2016,0,c4a9103d,2435860939,卧槽，我好喜欢他们的
00:00:56,1,25,16777215,Sat Feb  4 21:09:04 2017,0,b8a017ec,2953958762,超级心疼因陀罗
00:00:57,1,25,16777215,Mon Jun 24 19:11:54 2019,0,63b1de6,17947709946200064,因陀罗真的好好看
00:00:58,1,25,16777215,Fri Feb  3 17:05:20 2017,0,2cb2f9f3,2946089228,粽子怎么那么像帚神。。。。
00:00:58,1,25,16777215,Tue Jun 21 12:12:28 2016,0,dac3ee16,1981355437,ＱＷＱ
00:00:58,4,25,15138834,Mon May 22 18:06:32 2017,0,2b661261,3391731957,看不清的双手
00:00:59,1,25,0,Sat Feb 11 16:04:41 2017,0,2d7abfba,2990418448,莫名觉得黑绝好可爱
00:00:59,5,25,16724991,Thu Sep 29 23:11:50 2016,0,29f3186a,2462097497,看不清的双手
00:01:00,1,25,16777215,Sat Sep 24 16:04:30 2016,0,1970834a,2438542271,因陀罗好帅
00:01:01,1,25,16777215,Thu Feb 16 15:03:27 2017,0,d4e6e4f3,3010068506,原来宇智波炸毛体质来自因陀罗
00:01:01,4,25,15138834,Mon May 22 18:06:31 2017,0,2b661261,3391733595,一朵花传来
00:01:02,1,25,16777215,Sun Nov 12 11:28:59 2017,0,e400c207,3958655135,bgm：千年之恋
00:01:02,5,25,16724991,Thu Sep 29 23:11:51 2016,0,29f3186a,2462098321,一朵花传来
00:01:03,1,25,16777215,Sun Jan 15 16:04:46 2017,0,24beb478,2850638647,为何要反目成仇呢……
00:01:03,4,25,15138834,Mon May 22 18:06:33 2017,0,2b661261,3391734823,谁经过的温柔
00:01:04,5,25,16724991,Thu Sep 29 23:11:51 2016,0,29f3186a,2462098997,谁经过的温柔
00:01:07,4,25,15138834,Mon May 22 18:06:33 2017,0,2b661261,3391737285,穿越千年的伤痛
00:01:08,1,25,14811775,Thu Oct  6 02:02:25 2016,0,9417129b,2509616189,想获得力量的初衷是为了守护你啊
00:01:08,1,25,16777215,Fri Sep  2 13:01:58 2016,0,252d8ccf,2365247329,做的这么好   没有弹頻不正常
00:01:08,5,25,16724991,Thu Sep 29 23:11:51 2016,0,29f3186a,2462099975,穿越千年的伤痛
00:01:10,1,25,16777215,Wed Aug 16 21:23:42 2017,0,a9e01fad,3706002109,明明弟弟一直这么直球，哥哥咋就没GET到呢！
00:01:10,4,25,15138834,Mon May 22 18:06:34 2017,0,2b661261,3391738521,只为求一个结果
00:01:11,5,25,16724991,Thu Sep 29 23:11:52 2016,0,29f3186a,2462100977,只为求一个结果
00:01:12,1,25,16777215,Mon Nov  7 01:01:32 2016,0,13aa4cef,2639712411,写轮眼，我可是觉醒了近视眼的！
00:01:12,5,25,16777215,Wed Jun 22 12:12:46 2016,0,5d578085,1984759065,哇呀
00:01:13,4,25,15138834,Mon May 22 18:06:34 2017,0,2b661261,3391739835,你留下的轮廓
00:01:14,1,25,16777215,Sat Nov 12 12:12:12 2016,0,754074a5,2653746597,bgm好评
00:01:15,5,25,16724991,Thu Sep 29 23:11:52 2016,0,29f3186a,2462101997,你留下的轮廓
00:01:16,1,25,16777215,Fri Aug 11 14:48:32 2017,0,9f6e27b3,3680689132,修因谢谢
00:01:16,1,25,16777215,Tue Jul 12 14:02:28 2016,0,fbdf7638,2074328277,戳中心脏的伤痛！
00:01:17,1,25,16777215,Sat May 20 14:02:38 2017,0,b51a0833,3379656099,喔喔哦这个bgm！
00:01:17,1,25,16777215,Tue Jun 21 07:07:34 2016,0,997678d1,1980804399,赞
00:01:17,1,25,41194,Mon Aug 13 20:37:11 2018,0,fe1b5fa6,3681370243072000,前面说直球的，难不成你家直球就是“尼桑”？
00:01:17,4,25,15138834,Mon May 22 18:06:34 2017,0,2b661261,3391741963,指引我
00:01:17,5,25,16724940,Fri Sep 30 23:11:50 2016,0,29f3186a,2469849351,指引我
00:01:18,1,25,16777215,Sun Sep 24 16:53:22 2017,0,e5e4ec6d,3834452390,六道偏心
00:01:18,4,25,15138834,Mon May 22 18:06:35 2017,0,2b661261,3391743783,黑夜中不寂寞
00:01:19,5,25,16724991,Thu Sep 29 23:11:52 2016,0,29f3186a,2462103167,黑夜中不寂寞
00:01:21,4,25,15138834,Mon May 22 18:06:35 2017,0,2b661261,3391745237,穿越千年的哀愁
00:01:22,1,25,16777215,Thu Mar  9 21:09:02 2017,0,f4aa98fa,3083791576,黑绝！
00:01:22,1,25,16777215,Wed Jun 14 15:03:24 2017,0,d4e6e4f3,3457079376,真  穿越千年
00:01:22,5,25,16724991,Thu Sep 29 23:11:53 2016,0,29f3186a,2462104117,穿越千年的哀愁
00:01:23,1,25,0,Mon Mar 27 22:10:08 2017,0,433c4b56,3148461372,感谢红字
00:01:23,1,25,0,Sun Mar 19 02:02:58 2017,0,98380bde,3116618242,我就知道又有人来ky了，因修的，你自己麻利的滚，谢谢
00:01:23,1,25,0,Tue Jun 27 22:10:55 2017,0,846643d,3497834617,祖传出走
00:01:23,1,25,16707842,Sun Nov  5 13:41:16 2017,0,cdef380e,3943353588,红紫两位弹幕大佬再次比斗
00:01:24,1,25,16777215,Sat Jun  8 16:10:14 2019,0,88b438dc,17217218946269186,跟口袋妖怪里的雪童子一模一样
00:01:24,4,25,15138834,Mon May 22 18:06:36 2017,0,2b661261,3391747717,是你在尽头等我
00:01:25,1,25,16707842,Wed Jan 10 20:21:01 2018,0,2ab07331,4171152222,都是黑绝的锅
00:01:25,1,25,16777215,Fri Feb 15 16:38:39 2019,0,85c27699,12099384568709124,定情河，分手谷。。。
00:01:25,1,25,16777215,Sat Aug 27 15:03:00 2016,0,33ffec1b,2338038365,呜哇！！！好虐！！！(;´༎ຶД༎ຶ`) 
00:01:25,5,25,16724991,Thu Sep 29 23:11:53 2016,0,29f3186a,2462105137,是你在尽头等我
00:01:26,1,25,0,Sat Mar 11 14:02:28 2017,0,a8edc014,3089483838,因陀罗好帅嘞
00:01:26,1,25,15138834,Sat Jul 21 22:18:17 2018,0,d7565033,2642685276454916,粽子！
00:01:27,1,25,16711782,Fri Aug 19 00:12:57 2016,0,c3b129bb,2290193663,up写了修因 刷因修的出门右拐好么
00:01:27,1,25,16777215,Tue Jan  1 19:30:20 2019,0,2f479faf,10066353553670146,想锤死黑绝。。。
00:01:27,4,25,15138834,Mon May 22 18:06:36 2017,0,2b661261,3391749149,最美丽的感动
00:01:28,1,25,16777215,Sat Jul 23 14:02:13 2016,0,cd9f75e8,2132655727,修因飘过
00:01:28,5,25,15138834,Sat Nov  5 23:11:40 2016,0,5c858e6b,2635716031,拜托这里是修因！不是因修！
00:01:29,1,25,16777215,Fri Mar 24 15:03:49 2017,0,ea2a3121,3134137546,这里阿修罗好帅   不过对攻来说颜值不算什么
00:01:29,4,25,15138834,Mon May 22 18:06:37 2017,0,2b661261,3391749873,会值得
00:01:29,5,25,16724991,Thu Sep 29 23:11:53 2016,0,29f3186a,2462105951,最美丽的感动
00:01:30,1,25,16777215,Tue Aug  1 12:44:33 2017,0,90645902,3633822069,我们中间出了一个黑长直叛徒
00:01:31,5,25,16724991,Thu Sep 29 23:11:54 2016,0,29f3186a,2462107029,会值得用一生守候
00:01:32,1,25,16777215,Mon Aug  8 01:01:33 2016,0,f5357308,2225336325,柱斑！！！
00:01:32,1,25,16777215,Mon Jan 23 19:07:59 2017,0,9294b7b1,2888937838,眼缘啊啊啊啊啊
00:01:32,1,25,16777215,Sun Feb 12 14:02:33 2017,0,e5965e40,2994899524,刷因修的，拜托看看视频简介
00:01:32,4,25,15138834,Mon May 22 18:06:37 2017,0,2b661261,3391751081,用一生守候
00:01:33,1,25,16707842,Thu Aug 18 12:12:50 2016,0,9bb3afc5,2285758093,修因啊，宇智波家族哪有攻？
00:01:33,1,25,16777215,Fri Jul 29 15:03:40 2016,0,64bde066,2167824499,别ky好吗简介有写cp
00:01:33,1,25,16777215,Mon Jul 11 22:10:15 2016,0,2907a8ac,2071607553,我个性签名就是这个歌词
00:01:33,1,25,16777215,Sat Apr  6 12:39:45 2019,0,e60122df,14356793297207298,为什么阿修罗比柱间还帅，阿修罗一系颜值波动蛮大的。然而因陀罗一系都那么好看，颜值高！
00:01:33,1,25,16777215,Tue Sep 20 19:07:47 2016,0,a1186560,2427609839,千年之恋
00:01:33,1,25,16777215,Wed Apr 19 20:08:09 2017,0,6ae23f4d,3244327540,斑斑！！1
00:01:34,1,25,0,Wed Jun  7 16:04:40 2017,0,b6a6f0d0,3438202775,千年之恋
00:01:34,1,25,15138834,Tue Aug  9 15:03:50 2016,0,a193181,2233616697,斑爷斑爷舔舔舔
00:01:35,1,25,16776960,Wed Jul  4 16:11:12 2018,0,20a87baa,1861064024653824,带土和止水是攻啊
00:01:35,1,25,16777215,Fri Sep  7 21:56:20 2018,0,a91aa2eb,4816322165735426,修因柱斑一生推
00:01:35,1,25,16777215,Sat Jul 29 20:45:32 2017,0,e4cd522b,3622114346,阿修罗是被黑绝骗的啊。。。
00:01:35,1,25,16777215,Wed Aug 24 04:04:29 2016,0,a673b20e,2318822671,柱斑大法好
00:01:35,5,25,16776960,Sat Oct  7 15:19:17 2017,0,27a0d1f8,3872595234,宇智波家没有攻的水土不服
00:01:36,1,25,16777215,Mon May 15 23:11:00 2017,0,793c80d,3361958520,水土不服+
00:01:36,1,25,16777215,Tue Oct  4 21:09:36 2016,0,c22a5917,2502576323,你说爱的一族没有攻土哥和止水就不服了
00:01:37,1,25,16777215,Sat Sep 24 16:04:30 2016,0,1970834a,2438544517,画质简直
00:01:37,1,25,16777215,Sun Aug 21 23:11:18 2016,0,9e6ff9d1,2306888385,止水是攻
00:01:37,5,25,16777215,Thu Jun 15 07:07:33 2017,0,d4e6e4f3,3458734974,……这幕代表修因故事的结束么
00:01:38,1,25,16777215,Sat Apr 20 05:41:20 2019,0,7dda1fcd,14977810033016834,咳咳宇智波族内通婚所以前面那个宇智波没攻的你站住/手动滑稽
00:01:38,1,25,16777215,Thu Sep 22 18:06:40 2016,0,7805fdf1,2432435201,带土是的
00:01:38,1,25,16777215,Wed May 10 09:09:59 2017,0,867a7e13,3336052090,带土是攻
00:01:39,1,25,15138834,Thu Feb 28 21:39:20 2019,0,29bf4b3e,12697723579400196,阿修罗三生三世的直球因陀罗就是没有get到
00:01:40,1,25,16777215,Fri Dec  7 15:41:35 2018,0,1ba7bee4,8926695352434688,止水和带土不服
00:01:40,1,25,16777215,Sat Nov  5 23:11:41 2016,0,8f0f467e,2635716661,水土不服
00:01:40,1,25,16777215,Thu Mar  2 22:10:35 2017,0,f764fcd1,3061371572,土哥第一个不服！
00:01:40,1,25,6830715,Fri Sep  7 21:57:12 2018,0,a91aa2eb,4816349613785088,水土不服很骚哈哈哈哈哈土哥超攻
00:01:41,1,25,16777215,Tue Oct  3 13:22:56 2017,0,ee987b22,3856112756,水土不服
00:01:41,1,25,16777215,Wed Jul 13 22:10:16 2016,0,c416ef1c,2081492323,话说这是羽村升天吧
00:01:41,4,25,6830715,Sat May 20 21:09:25 2017,0,77586325,3381719829,水土不服
00:01:42,1,25,16777215,Sun Jun 24 17:19:28 2018,0,c8b69cc5,1410226357010496,前面的，被骗的不是因陀罗吗……
00:01:42,1,25,16777215,Wed Oct 11 23:36:54 2017,0,a0676009,3885669440,止水是攻。。。。。
00:01:43,1,25,15772458,Sun Jan 22 01:01:08 2017,0,24d10a7,2880835068,水土不服笑尿
00:01:43,1,25,16777215,Tue Oct  3 14:05:59 2017,0,df434bc4,3856288933,止水不是攻么
00:01:44,1,25,15138834,Fri Sep  7 21:57:25 2018,0,a91aa2eb,4816356145365060,土哥绝对攻啊
00:01:44,1,25,16777215,Thu Jan 24 10:18:05 2019,0,35994a8a,11090846429478914,哈哈哈哈怎么就朱迪是黑长直
00:01:44,1,25,16777215,Tue Jul 17 19:21:31 2018,0,188bba5c,2455931162460162,水土不服
00:01:45,1,25,16777215,Thu Aug 24 17:16:31 2017,0,4d5f3587,3742703125,带土是攻
00:01:45,1,25,16777215,Thu Jun 22 21:09:08 2017,0,bd61f20c,3481628216,赞成的CP是水土！！水土不服
00:01:45,1,25,16777215,Tue Feb  7 00:12:53 2017,0,24abf39b,2966365168,带土是攻！卡卡西是受！
00:01:46,1,25,0,Sat Mar 11 14:02:29 2017,0,a8edc014,3089485150,火影大法
00:01:46,1,25,16737996,Fri Sep 30 23:11:52 2016,0,29f3186a,2469857015,试色
00:01:46,1,25,16777215,Fri Aug  4 17:28:11 2017,0,11f90a76,3649206984,突然发现这几队好像都是因修传承出来的...
00:01:46,1,25,16777215,Fri Aug 11 14:49:08 2017,0,9f6e27b3,3680691723,水土不服的够了
00:01:46,1,25,16777215,Mon Aug 14 11:20:41 2017,0,7a7a8864,3693968062,因陀罗太帅了
00:01:48,1,25,16777215,Fri Aug 25 23:18:15 2017,0,26d3d924,3748836962,水土不服哈哈
00:01:48,1,25,16777215,Tue Aug 30 12:12:56 2016,0,9417129b,2353696495,是
00:01:48,1,25,16777215,Wed Aug  9 23:33:46 2017,0,8f9af2c9,3673555155,hhhh真心（止）水（带）土不服~\(≧▽≦)/~
00:01:49,1,25,16777215,Fri Jan 19 10:37:53 2018,0,4e0897eb,4191903027,水土不服你们在搞什么哈哈哈哈哈哈哈
00:01:49,1,25,16777215,Fri Sep  7 21:57:37 2018,0,a91aa2eb,4816362685857796,带土是攻靴靴
00:01:49,1,25,16777215,Sat Feb 24 01:53:15 2018,0,1cf3e32a,4337362962,水土不服的别走哈哈哈哈哈哈哈哈
00:01:49,4,25,15138834,Mon May 22 18:06:36 2017,0,2b661261,3391753443,竹林的灯火
00:01:49,5,25,16724940,Fri Sep 30 23:11:41 2016,0,29f3186a,2469812637,竹林的灯火
00:01:50,1,25,16777215,Sat Jul 23 14:02:13 2016,0,cd9f75e8,2132658189,柱斑~
00:01:50,4,25,15138834,Mon Jun  5 10:10:56 2017,0,2b661261,3432496260,到过的沙漠
00:01:50,5,25,16724940,Fri Sep 30 23:11:41 2016,0,29f3186a,2469813917,岛国的沙漠
00:01:51,1,25,16777215,Sat Apr  1 17:05:58 2017,0,bc51684e,3163177238,对我来说只有泉奈是攻(内部销售不算)
00:01:51,1,25,16777215,Sat Mar 10 19:44:56 2018,0,e0bb8117,4378232575,带土是受！受！受！受呀！！！
00:01:51,1,25,16777215,Thu Jun 22 08:08:31 2017,0,fbc4a5e7,3479779248,止水是么
00:01:51,1,25,16777215,Wed Sep 12 19:25:19 2018,0,f26dca0b,5038063805267968,我大因陀罗真不愧是一家里的颜值担当^o^
00:01:51,4,25,15138834,Mon May 22 18:06:38 2017,0,2b661261,3391755399,七色的国度
00:01:53,5,25,16724940,Fri Sep 30 23:11:41 2016,0,29f3186a,2469814755,七色的国度
00:01:54,1,25,15138834,Sat Aug 20 14:02:07 2016,0,f92450f5,2298261119,修因好吗？对家别没事找抽好吗？！
00:01:54,1,25,15138834,Sun May 21 13:01:51 2017,0,9808b111,3385472421,别说，bgm还蛮配的
00:01:54,1,25,16777215,Wed Nov  1 21:44:01 2017,0,a0676009,3934637842,止水攻，鼬受
00:01:54,4,25,15138834,Mon May 22 18:06:38 2017,0,2b661261,3391756523,不断飘逸风中
00:01:54,5,25,16724940,Fri Sep 30 23:11:41 2016,0,29f3186a,2469815563,不断飘逸风中
00:01:55,1,25,16777215,Sun Feb  5 00:12:31 2017,0,d86fbe63,2955272414,因修，斑柱，佐鸣的都给我一边去啊！
00:01:56,4,25,15138834,Mon May 22 18:06:38 2017,0,2b661261,3391757531,有一种神秘
00:01:56,5,25,16724940,Fri Sep 30 23:11:42 2016,0,29f3186a,2469816485,有一种神秘
00:01:57,1,25,16777215,Sun Sep 11 20:08:26 2016,0,934a3922,2396629469,这么说本质都是兄弟嘛
00:01:57,4,25,15138834,Mon May 22 18:06:39 2017,0,2b661261,3391758411,灰色的旋涡
00:01:57,5,25,16724940,Fri Sep 30 23:11:42 2016,0,29f3186a,2469817763,灰色的漩涡
00:01:58,1,25,16777215,Tue Apr 24 09:40:05 2018,0,1b34922a,4483522185,斑带！ 
00:01:59,4,25,15138834,Mon May 22 18:06:39 2017,0,2b661261,3391759841,将我卷入了 迷雾中
00:01:59,5,25,16724940,Fri Sep 30 23:11:42 2016,0,29f3186a,2469819731,将我卷入了迷雾中
00:02:00,1,25,16777215,Mon Jul 31 21:37:40 2017,0,dd70609,3631586751,原来宇智波祖传受啊
00:02:00,1,25,16777215,Tue Aug 23 15:03:03 2016,0,1e8b7565,2315414013,原来都很开朗，现在全是面瘫
00:02:02,1,25,16777215,Wed Jul 13 22:10:32 2016,0,a9c9809d,2081586611,斑斑美如画
00:02:02,4,25,15138834,Mon May 22 18:06:37 2017,0,2b661261,3391760919,看不清的双手
00:02:02,5,25,16724940,Fri Sep 30 23:11:43 2016,0,29f3186a,2469820677,看不清的双手
00:02:03,1,25,16777215,Fri Jun  7 20:42:06 2019,0,3f87f1b1,17180472688771136,斑斑好帅啊啊啊
00:02:04,1,25,16777215,Sat May 20 15:03:39 2017,0,b3e7398c,3379910089,卡殿微笑着把鸣人揽住，我在这边是攻欧。。。。。[滑稽
00:02:05,1,25,16711782,Fri Aug 19 00:12:57 2016,0,c3b129bb,2290196133,承包泉奈
00:02:05,1,25,16777215,Fri Jun  9 13:01:23 2017,0,793c80d,3442956595,泉奈奈
00:02:05,1,25,16777215,Mon May 15 22:10:59 2017,0,793c80d,3361962990,泉奈小天使！！
00:02:05,1,25,16777215,Thu Feb 23 23:11:31 2017,0,dac3ee16,3038497840,可是为什么我硬是看出来了因修
00:02:05,1,25,16777215,Wed Jun 14 15:03:25 2017,0,d4e6e4f3,3457081296,奈奈  是真心难受
00:02:05,4,25,15138834,Mon May 22 18:06:40 2017,0,2b661261,3391762285,一朵花传来
00:02:05,5,25,16777215,Thu Jun 15 07:07:34 2017,0,d4e6e4f3,3458735497,不要虐我奈奈啊
00:02:06,1,25,16777215,Sun Jan 13 14:51:59 2019,0,779633c2,10601179276378114,泉奈小天使
00:02:06,1,25,16777215,Wed Jun  7 13:01:28 2017,0,793c80d,3437769365,泉奈奈小天使
00:02:06,4,25,15138834,Mon May 22 18:06:40 2017,0,2b661261,3391764071,谁经过的温柔
00:02:06,5,25,16724940,Fri Sep 30 23:11:43 2016,0,29f3186a,2469821937,一朵花传来
00:02:07,1,25,16777215,Tue Jun 21 13:01:24 2016,0,f0b04add,1981557843,好棒！(๑•̀ㅂ•́)و✧
00:02:07,5,25,14811775,Sat May 20 21:09:05 2017,0,2b661261,3381602777,谁经过的问候
00:02:08,1,25,16777215,Wed May  2 02:37:43 2018,0,3240b4f3,4504475668,所以本质骨科什么的吗QAQ
00:02:09,1,25,16777215,Fri Sep 23 21:09:41 2016,0,c4a9103d,2435868717,卧槽我泉奈美腻
00:02:09,1,25,16777215,Thu Mar  2 17:05:50 2017,0,9804a1c3,3060430722,奈奈啊啊啊啊啊啊呜哇
00:02:11,4,25,15138834,Mon May 22 18:06:41 2017,0,2b661261,3391766211,穿越千年的伤痛
00:02:12,1,25,16777215,Tue Oct  4 10:10:28 2016,0,2c02f878,2498340481,因陀罗永远比阿修罗白
00:02:12,5,25,16711680,Wed Jul 13 22:10:32 2016,0,a9c9809d,2081589319,喜
00:02:12,5,25,16724940,Fri Sep 30 23:11:43 2016,0,29f3186a,2469823627,穿越千年的伤痛
00:02:13,1,25,16777215,Tue Jul 18 22:10:17 2017,0,9611eaa9,3575280019, 看出来的那个大概是因为你瞎且贱？
00:02:13,5,25,15138834,Sat Jan  5 17:07:51 2019,0,7560d90e,10243065260277762,我不管这就是大婚！
00:02:14,1,25,15138834,Mon Jul 17 15:03:50 2017,0,ba80d225,3569857503,囍
00:02:14,1,25,16777215,Sat Sep 24 16:04:31 2016,0,1970834a,2438546699,都是弟控
00:02:14,1,25,16777215,Wed Sep 28 21:09:05 2016,0,201d17ea,2457118875,你们见过宇智波有攻的？
00:02:15,4,25,15138834,Mon May 22 18:06:41 2017,0,2b661261,3391767221,只为求一个结果
00:02:15,5,25,15138834,Mon Jul 17 19:07:17 2017,0,d334e2b,3570591683,囍
00:02:16,1,25,16777215,Thu Aug 11 21:09:17 2016,0,a6b3b7b0,2249180973,好虐啊MD
00:02:16,1,25,16777215,Thu Jun 23 12:12:06 2016,0,789dc0d8,1987867275,好虐的感觉
00:02:16,1,25,16777215,Tue Aug 23 15:03:04 2016,0,1e8b7565,2315415621,囍
00:02:16,1,25,16777215,Tue Jun 21 19:07:29 2016,0,4c36d108,1982658899,好厉害
00:02:16,5,25,15138834,Tue Oct  3 13:15:25 2017,0,bfd7a9a6,3856085311,囍
00:02:16,5,25,16646914,Fri Dec  7 22:54:15 2018,0,f1b0f8ed,8940306013093888,囍
00:02:16,5,25,16724940,Fri Sep 30 23:11:44 2016,0,29f3186a,2469824517,只为求一个结果
00:02:17,1,25,0,Tue Aug  8 14:34:55 2017,0,771c00d2,3666604809,囍
00:02:18,1,25,15138834,Wed Oct  4 11:31:17 2017,0,fea4794b,3859644989,囍囍
00:02:18,1,25,16777215,Sat Feb 24 17:30:46 2018,0,4a8fbd3c,4339413060,我居然抖腿了
00:02:18,1,25,16777215,Tue Oct  3 14:06:45 2017,0,df434bc4,3856291466,肤色论攻受
00:02:18,4,25,15138834,Mon May 22 18:06:41 2017,0,2b661261,3391768191,你留下的轮廓
00:02:19,1,25,16777215,Mon Jul  3 00:12:09 2017,0,30a9c874,3515013337,带土和止水都是攻
00:02:19,5,25,16724940,Fri Sep 30 23:11:44 2016,0,29f3186a,2469825551,你留下的轮廓
00:02:20,1,25,16777215,Fri Jun 21 11:54:50 2019,0,9455b355,17798065413423104,水土不服！！止水哥和带土是攻！！
00:02:20,1,25,16777215,Sat Jul  7 13:57:08 2018,0,52bc47db,1992742079561728,说宇智波没攻的，【止】水【带】土不服
00:02:20,1,25,16777215,Tue Apr  9 20:07:52 2019,0,ff40a61a,14506785357955074,水户大人。。。。
00:02:20,4,25,15138834,Mon May 22 19:07:52 2017,0,2b661261,3392078845,指引我
00:02:20,5,25,15138834,Wed Sep 21 20:08:43 2016,0,7d0b24ce,2430340949,囍
00:02:20,5,25,16777215,Fri Jun  2 22:10:55 2017,0,bc47efa,3426290129,见过
00:02:21,5,25,16724940,Fri Sep 30 23:11:44 2016,0,29f3186a,2469827883,指引我
00:02:22,1,25,16777215,Sun Jun 11 23:11:07 2017,0,26f8a50,3450878779,我止水哥就是攻啊233
00:02:22,1,25,16777215,Thu Jul  7 10:10:51 2016,0,99f5a68b,2048432443,233333333333333
00:02:22,1,25,16777215,Tue Sep 20 21:09:53 2016,0,9b14d89e,2428027381,求一个结果……
00:02:22,1,25,41194,Tue Jun 21 00:12:02 2016,0,f5612aa8,1980365725,不知该说什么……硬币是你的了！
00:02:22,4,25,15138834,Mon May 22 18:06:40 2017,0,2b661261,3391770031,黑夜中不寂寞
00:02:23,1,25,16707842,Tue Sep 26 15:07:44 2017,0,b6979889,3838367417,对啊，带土和止水都是攻
00:02:23,5,25,14811775,Sat May 20 21:09:06 2017,0,2b661261,3381606709,黑夜中不寂寞
00:02:24,1,25,16777215,Fri Dec 30 23:11:52 2016,0,ee0f4351,2796327531,止水和带土是受？
00:02:24,1,25,16777215,Mon Jul 25 05:05:20 2016,0,924b7d32,2142106737,修因和柱斑嗷嗷嗷
00:02:24,1,25,16777215,Thu Jun 23 22:10:50 2016,0,dd9f7f89,1989932027,画质好评
00:02:25,1,25,16777215,Thu Dec 14 19:03:38 2017,0,d29f76b6,4035125632,宇智波家都高领
00:02:25,4,25,15138834,Mon May 22 18:06:42 2017,0,2b661261,3391771451,穿越千年的哀愁
00:02:26,1,25,16777215,Thu Aug 17 16:57:03 2017,0,38accc0e,3709543731,后面那个白毛的是卡殿的papa吗
00:02:26,5,25,16724940,Fri Sep 30 23:11:45 2016,0,29f3186a,2469829727,穿越千年的哀愁
00:02:26,5,25,26367,Mon Aug 29 21:09:25 2016,0,fdad4dcf,2351137171,承包扉间男神！
00:02:27,1,25,16777215,Fri Sep  7 21:58:21 2018,0,a91aa2eb,4816385594097664,带土攻啊
00:02:28,1,25,16777215,Sun Jul  2 19:07:35 2017,0,ef73af5b,3513944278,水土不服
00:02:28,1,25,16777215,Sun Jul 16 23:11:35 2017,0,16660d7f,3567760873,这个故事告诉我们多读点书，少看点漂亮的宇智波
00:02:28,1,25,41194,Thu Jan 19 16:04:11 2017,0,9bb3afc5,2868136246,呆兔子那么傲娇会是攻？止水和鼬两受相遇必有一攻！
00:02:28,1,25,65535,Sat Jan 27 14:25:46 2018,0,9873e494,4217834870,斑斑不哭，抱抱
00:02:28,1,25,6750156,Mon Jul 30 21:08:59 2018,0,7560d90e,3048191995936768,那个白毛是二代啊hhh不是旗木朔茂啊hhhhhh
00:02:28,4,25,15138834,Mon May 22 18:06:42 2017,0,2b661261,3391773685,是你在尽头等我
00:02:29,1,25,16777215,Sat Jul 21 11:52:32 2018,0,750e81e,2623001063325696,宇智波家的攻受可好分了，平头的两个是攻
00:02:29,1,25,16777215,Thu Mar  2 17:05:50 2017,0,9804a1c3,3060432386,奈奈呜哇T^T表白字幕君
00:02:29,1,25,16777215,Wed May  2 00:03:48 2018,0,cbd756df,4504242034,呆兔是受啊啊啊啊
00:02:29,5,25,16724940,Fri Sep 30 23:11:45 2016,0,29f3186a,2469830967,是你在尽头等我
00:02:30,1,25,16777215,Mon Feb 13 16:04:49 2017,0,48812f45,2999429134,水土不服
00:02:30,1,25,16777215,Mon Jul  3 00:12:10 2017,0,30a9c874,3515014721,卡33
00:02:30,1,25,16777215,Mon Jul  3 00:12:10 2017,0,30a9c874,3515015629,卡33不会是攻
00:02:31,1,25,16777215,Mon Mar 18 12:54:46 2019,0,eeddc9b1,13496594827575300,囍
00:02:31,1,25,16777215,Thu Feb 16 15:03:29 2017,0,d4e6e4f3,3010074526,……止水当然是攻 鼬太温柔了
00:02:31,1,25,16777215,Wed May 16 21:16:06 2018,0,cbd756df,4541307309,呆兔是伪高冷真炸毛受！！！！！！！1
00:02:31,4,25,15138834,Mon May 22 18:06:43 2017,0,2b661261,3391775793,最美丽的感动
00:02:32,1,25,16777215,Mon May 27 23:35:00 2019,0,3f87f1b1,16687628697468932,斑斑啊
00:02:32,1,25,16777215,Thu Apr 26 20:02:50 2018,0,582ab6b5,4488643497,突然发现这三生三世的肤色全都是黑白配的，，，呃，是小麦色和白色的
00:02:32,5,25,16724940,Fri Sep 30 23:11:46 2016,0,29f3186a,2469832569,最美丽的感动
00:02:33,1,25,16777215,Wed Aug 16 21:25:04 2017,0,a9e01fad,3706008894,你们为啥就是不结婚呢！！结婚了就啥事都没了好不好
00:02:33,4,25,15138834,Mon May 22 18:06:43 2017,0,2b661261,3391776779,会值得
00:02:34,1,25,16777215,Sat May 20 15:03:40 2017,0,b3e7398c,3379913415,卡带也很萌的
00:02:35,1,25,16777215,Fri May  3 11:55:27 2019,0,511c51cc,15578458819657732,木叶的名字，斑给的
00:02:35,1,25,16777215,Wed Jun 22 12:12:44 2016,0,5a81e404,1984752973,泪目
00:02:35,5,25,16724940,Fri Sep 30 23:11:46 2016,0,29f3186a,2469834957,会值得用一生守候
00:02:36,4,25,15138834,Mon May 22 19:07:52 2017,0,2b661261,3392081237,用一生守候
00:02:37,1,25,16777215,Mon Feb 13 00:12:52 2017,0,ef5eb7d8,2997625206,佐助他爸爸的万花筒好漂亮啊
00:02:38,1,25,16777215,Thu Nov 15 21:01:31 2018,0,ba8d9344,7940192959201280,老卡受出天际了
00:02:38,1,25,16777215,Wed Sep 20 11:41:52 2017,0,50329a25,3824313011,音质好评
00:02:39,5,25,16777215,Mon Oct 10 21:09:37 2016,0,4eccc23f,2541593959,你说过会在我背后守候我，可是你从背后杀了我
00:02:40,1,25,15138834,Fri Sep  7 21:58:53 2018,0,a91aa2eb,4816402305253376,带土肯定攻啊，护妻狂魔送眼睛无敌了
00:02:40,1,25,16707842,Tue Sep 26 15:06:35 2017,0,b6979889,3838368093,带卡，止鼬
00:02:40,1,25,16777215,Thu Jan 24 10:19:25 2019,0,35994a8a,11090888295972864,朱迪是真狠 说杀就杀了
00:02:41,1,25,16777215,Sat Jun  2 21:55:36 2018,0,308213d4,422346409639938,斑：我竟然会被人背后捅刀
00:02:41,1,25,16777215,Sun Feb 10 19:45:08 2019,0,1e7da01c,11878758434734082,为什么是从背后捅？斑背后不是很敏感吗？
00:02:41,5,25,15138834,Tue Aug 30 22:10:12 2016,0,19f1e30,2356280793,都说是守候为什么要放这一幕啊！
00:02:42,1,25,16777215,Mon Jan  8 18:33:37 2018,0,9513ef77,4166652043,這裡好虐
00:02:43,1,25,16777215,Tue Feb  7 11:11:58 2017,0,f9d3aba6,2967584094,泪目TAT
00:02:45,1,25,16777215,Thu Jul 28 21:09:20 2016,0,d147e290,2163766563,柱斑好虐啊
00:02:45,1,25,16777215,Wed Jun 22 12:12:44 2016,0,5a81e404,1984753751,柱斑
00:02:46,1,25,16777215,Tue Nov 14 22:24:38 2017,0,d4e6e4f3,3964654140,本为了守护而建立的村子最终却杀死了最重要的人
00:02:47,1,25,16777215,Mon Oct 10 21:09:52 2016,0,6891c0ea,2541650425,QAQ
00:02:47,1,25,16777215,Tue Aug 30 23:11:07 2016,0,9417129b,2356554123,好虐
00:02:48,1,25,16777215,Sat Sep 24 16:04:31 2016,0,1970834a,2438548753,不是要守候吗？
00:02:48,1,25,16777215,Wed Aug 16 21:25:20 2017,0,a9e01fad,3706010212,这刀子
00:02:49,1,25,16777215,Sun Aug 28 16:04:36 2016,0,9dd92ac1,2344410947,WOW
00:02:50,1,25,16777215,Mon Feb  6 19:07:08 2017,0,572eef25,2964365514,一眼看过去以为身上全是血，看了全部才发现是水，吓哭我QAQ
00:02:51,1,25,16777215,Sat Dec 24 16:04:05 2016,0,7247792c,2777398431,这全部BE了？
00:02:51,1,25,16777215,Sat Jul 23 14:02:14 2016,0,cd9f75e8,2132663619,柱斑
00:02:51,1,25,16777215,Tue Sep 20 22:10:29 2016,0,d5fb7459,2428161493,歌很好听
00:02:52,4,25,15138834,Mon May 22 18:06:44 2017,0,2b661261,3391779895,穿越千年的伤痛
00:02:53,1,25,16777215,Thu Aug 11 21:09:17 2016,0,a6b3b7b0,2249184447,QMQQQQ
00:02:54,1,25,0,Sat May 20 16:04:59 2017,0,7070def2,3380268163,柱间
00:02:55,1,25,16777215,Sat Apr  6 12:41:15 2019,0,e60122df,14356840902033410,本末倒置
00:02:55,1,25,16777215,Sun Nov 12 13:19:52 2017,0,c7fb52fd,3958981295,佐助他爹哪来的万花筒
00:02:55,1,25,16777215,Sun Oct 30 15:03:00 2016,0,9294b7b1,2612313299,哭唧唧
00:02:55,1,25,16777215,Thu Feb 16 15:03:29 2017,0,d4e6e4f3,3010076100,下一世……
00:02:55,4,25,15138834,Mon May 22 18:06:44 2017,0,2b661261,3391780771,只为求一个结果
00:02:56,1,25,16777215,Mon Jul 11 22:10:16 2016,0,12925e0d,2071615191,哇啊啊啊啊啊啊啊啊啊啊啊好棒
00:02:56,1,25,16777215,Sun Sep  9 12:34:52 2018,0,4b3b3892,4889256895447044,卧槽
00:02:56,5,25,16777215,Mon Aug  8 01:01:35 2016,0,f5357308,2225345479,鸣佐大法！！！
00:02:57,1,18,15138834,Tue Dec 27 15:03:25 2016,0,24beb478,2786774819,心痛
00:02:58,1,25,15138834,Fri Sep  7 21:59:17 2018,0,a91aa2eb,4816415178096640,鸣佐各自成家 
00:02:58,1,25,16777215,Sat Apr 20 05:43:09 2019,0,7dda1fcd,14977867133747200,前面那个说富岳没万花筒的你看过火影没
00:02:58,1,25,16777215,Sun Jan 20 17:32:02 2019,0,3f7eb686,10923303142162432,只有这对he了
00:02:58,4,25,15138834,Mon May 22 18:06:42 2017,0,2b661261,3391781683,你留下的轮廓
00:03:00,1,25,16777215,Thu Mar  9 21:09:00 2017,0,f4aa98fa,3083783074,如果这都不算爱
00:03:00,1,25,16777215,Tue Jul 10 19:00:03 2018,0,25661246,2138166476144640,鸣佐
00:03:00,1,25,16777215,Tue Jun 27 10:10:56 2017,0,828746df,3495824196,仿佛看见了蜜汁红晕(´･_･`)
00:03:00,4,25,15138834,Mon Jun  5 10:10:56 2017,0,2b661261,3432498250,指引我
00:03:01,1,25,0,Tue Aug  8 14:34:11 2017,0,771c00d2,3666607675,鸣佐
00:03:01,1,25,15772458,Wed Jun 14 17:05:39 2017,0,38b9610,3457318303,只要你们在一起，佐鸣 鸣佐都无所谓了！
00:03:01,1,25,16777215,Fri Aug 24 19:07:14 2018,0,3754fcf1,4176823991664640,感觉还是这对最虐，前两世都没有喜欢的人，这一世两人各组家庭
00:03:02,1,25,15138834,Fri Sep  7 21:59:29 2018,0,a91aa2eb,4816421013946368,鸣佐鸣佐鸣佐鸣佐
00:03:02,1,25,16777215,Wed May  9 21:23:17 2018,0,2a876b3b,4524277079,富岳的万花筒在鼬真传有露过
00:03:02,4,25,15138834,Mon May 22 18:06:45 2017,0,2b661261,3391783031,黑夜中不寂寞
00:03:03,1,25,16707842,Mon May 15 19:07:18 2017,0,40e91904,3360870010,事实上这对才是最大的BE啊！
00:03:03,1,25,16777215,Sat Mar  9 14:51:25 2019,0,cd1deb84,13092578090024962,HE一个p他们各自结婚了。
00:03:03,1,25,16777215,Thu Jun  8 02:02:16 2017,0,908ed7e4,3439713811,说宇智波都是受的，水土不服，止水带土 攻爆了
00:03:03,1,25,16777215,Tue Jul 10 17:28:33 2018,0,e2add34b,2135287847714816,三生三世，千年之恋
00:03:03,1,25,16777215,Wed Jun 22 16:04:12 2016,0,b4c0daa4,1985358577,棒
00:03:05,1,25,16777215,Tue Jul 10 19:00:55 2018,0,25661246,2138193417732160,天天说逆无所谓的你们够了吧，滚一边去好吗？去无差的视频刷
00:03:05,4,25,15138834,Mon May 22 18:06:45 2017,0,2b661261,3391783833,穿越千年的哀愁
00:03:06,1,25,16707842,Tue Jun 12 20:23:51 2018,0,79cfa251,872445061365760,对家请安静地滚出去，这里不需要你来刷逆不逆无关
00:03:06,1,25,16777215,Sun May 21 18:06:18 2017,0,f2bc460a,3386920259,因为老年组和中年组都成既定事实了，无法挽回
00:03:07,1,25,0,Fri Feb  3 13:01:23 2017,0,542a3a1a,2944808856,鸣佐
00:03:07,1,25,16777215,Sat Apr  6 12:42:11 2019,0,e60122df,14356870209732610,因陀罗一直都在保护自己的弟弟阿修罗，打的最狠的也是因陀罗
00:03:08,4,25,15138834,Mon May 22 18:06:45 2017,0,2b661261,3391784671,是你在尽头等我
00:03:09,1,25,41194,Sun Apr 23 18:06:35 2017,0,75c0ae80,3262494190,二柱子我的
00:03:09,5,25,15138834,Tue Jul 12 18:06:43 2016,0,158f4ff8,2075448371,手动屏蔽逆家
00:03:10,1,25,16777215,Tue Aug  1 12:47:08 2017,0,90645902,3633831557,我们之中又出了个金毛叛徒♬(ノ゜∇゜)ノ♩
00:03:11,4,25,15138834,Mon May 22 18:06:45 2017,0,2b661261,3391785553,最美丽的感动
00:03:12,1,25,16777215,Wed Feb  1 23:11:44 2017,0,40b8b5bc,2937334648,第一世你为我而死，第二世我亲手杀了你，这一世，我一定护你周全
00:03:13,5,25,16707842,Sun Feb 25 11:01:13 2018,0,8620c44b,4341863898,这是鸣佐好不好不要ky。。。
00:03:14,1,25,16777215,Wed Jul 13 22:10:34 2016,0,a9c9809d,2081596079,情定南贺川啊啊啊啊啊啊啊啊啊
00:03:14,4,25,15138834,Mon May 22 18:06:46 2017,0,2b661261,3391786779,会值得
00:03:15,1,25,16777215,Thu Aug 18 14:02:11 2016,0,8a434fc0,2286223991,为什么我看到的都是反的cp呢
00:03:16,1,25,0,Sun Feb 19 10:10:32 2017,0,e0b68088,3021855080,鸣佐鸣佐鸣佐鸣佐
00:03:16,1,25,16777215,Sat Jul 23 19:07:40 2016,0,521bdaef,2134196837,鸣佐5555555555555555555
00:03:16,1,25,16777215,Sun Jun 24 17:21:36 2018,0,c8b69cc5,1410293577547776,............第一世不是为他而死吧？
00:03:16,1,25,16777215,Thu Oct 26 09:40:54 2017,0,5bcc41a1,3919815299,宇智波出美人
00:03:16,1,25,16777215,Tue Sep 27 14:02:03 2016,0,69cadbaa,2448685561,修因柱斑鸣佐
00:03:16,4,25,15138834,Mon Jun  5 10:10:57 2017,0,2b661261,3432499572,用一生守候
00:03:20,1,25,16711782,Fri Aug 19 00:12:59 2016,0,c3b129bb,2290201711,←建议眼科
00:03:21,1,25,16777215,Sat May 20 19:07:09 2017,0,4b25db90,3380954461,鸣佐生一堆
00:03:21,1,25,16777215,Sun Jul 30 10:18:34 2017,0,a9a2eefe,3624074104,五个亚洲人一个黄毛 
00:03:21,1,25,16777215,Tue Aug 23 15:03:05 2016,0,1e8b7565,2315421185,+1
00:03:22,1,25,16777215,Fri Sep 16 05:05:54 2016,0,b409f9ea,2411536975,这个MAD怎么回事？KY怎么这么多
00:03:22,5,25,16777215,Fri Feb 16 17:01:26 2018,0,bb7c54da,4307167623,又见分手谷
00:03:22,5,25,16777215,Wed Jun 22 12:12:48 2016,0,5d578085,1984765957,鸣人我承包了
00:03:23,1,25,16777215,Sun Aug 21 21:09:10 2016,0,aa9b75b2,2306114693,一个神奇的地方——南贺川
00:03:23,5,25,16707842,Fri Sep  7 22:00:48 2018,0,a91aa2eb,4816462887780352,鸣佐鸣佐鸣佐
00:03:24,1,25,16777215,Fri Feb 15 22:27:57 2019,0,3bfa8eda,12110372697276418,只求在一起 
00:03:24,1,25,16777215,Mon Apr  9 16:42:09 2018,0,604d598d,4448722343,這叫可逆不可拆
00:03:24,1,25,16777215,Sat May 20 13:01:06 2017,0,947f169c,3379201495,+1
00:03:24,5,25,15138834,Sat Feb 24 12:50:58 2018,0,88a8dfad,4338427394,这里的阴遁三世都是受，ky去死好么
00:03:25,5,25,11890,Sun Sep 16 12:27:26 2018,0,38fdeb9b,5206112634667012,阿修罗一脉鸣人情商最高，因陀罗一脉佐助最幸运。
00:03:26,1,25,16777215,Thu Mar 21 21:47:57 2019,0,a1d660f1,13649262569586688,鸣佐
00:03:27,1,25,0,Wed May 17 20:08:00 2017,0,486cc030,3368476458,别说话其实全都是我说的
00:03:27,1,25,16777215,Tue Dec 26 21:10:22 2017,0,fb3205fe,4062265755,还有终结谷
00:03:28,1,25,41194,Thu Sep  7 06:20:06 2017,0,8602b92c,3793133898,情定南贺川，情灭终结谷
00:03:29,1,25,16777215,Mon May 15 23:11:03 2017,0,793c80d,3361973388,这一对也是be
00:03:29,1,25,16777215,Sun Jul 24 14:02:38 2016,0,e4adac08,2138210287,哎呀
00:03:29,1,25,16777215,Thu Nov 29 20:30:39 2018,0,a97f07fb,8573400862687234,迟早填平了那条河——by忍界众
00:03:29,1,25,16777215,Tue Feb 12 13:18:05 2019,0,9324b3c,11957179873492996,南贺川啊～
00:03:29,1,25,16777215,Tue May  1 17:39:54 2018,0,897590cd,4503027672,前面说佐助不是因陀罗转世的有没有好好看火影啊
00:03:29,5,25,16724787,Mon Jul  4 23:11:36 2016,0,c917480f,2037849495,佐助归我啦
00:03:30,1,25,16777215,Tue Oct 30 14:55:17 2018,0,61f7176,7203896646172672,撕攻受的真的low
00:03:31,1,25,16776960,Fri Mar  3 19:07:37 2017,0,4073da26,3063588372,虐
00:03:31,1,25,16777215,Sat Apr  6 12:43:14 2019,0,e60122df,14356903230963712,佐助过的不好！鸣人也没有保护好佐助，佐助不需要去赎罪
00:03:31,1,25,16777215,Sun Apr 21 23:35:05 2019,0,c001892d,15056885711372292,鼬个头。。。。你哪脑补的火影
00:03:31,1,25,16777215,Thu Jul  7 19:07:53 2016,0,8c506265,2050726681,你们俩要在一起吗
00:03:31,1,25,16777215,Wed Jun  7 01:01:09 2017,0,793c80d,3436988060,最大的be
00:03:31,5,25,16777215,Tue Jul 10 19:01:48 2018,0,25661246,2138221067108352,别想，佐助是我的
00:03:32,1,25,16777215,Wed May 15 20:21:27 2019,0,fcfa7d67,16137958316834818,哪里来的幻想怪你鼬是因陀罗
00:03:32,1,25,6830715,Sun Apr 23 18:06:32 2017,0,75c0ae80,3262481234,er
00:03:33,1,25,16777215,Sat Apr 20 05:44:17 2019,0,7dda1fcd,14977902829895680,你喜欢一个人然后天天被发朋友卡，你开心吗？
00:03:33,1,25,16777215,Thu Jul  5 20:14:33 2018,0,b108ca1,1914017196539904,定情河 分手谷
00:03:34,1,25,16777215,Mon Jul 24 20:16:59 2017,0,41982d9c,3599791133,佐鸣就佐鸣，找存在感是找喷吗？
00:03:34,1,25,16777215,Wed Aug 16 21:26:09 2017,0,a9e01fad,3706014132,这简直就是绝交圣地了
00:03:35,1,25,0,Sat May 20 16:04:59 2017,0,7070def2,3380271377,别扭的柱子
00:03:35,1,25,16777215,Fri Aug  4 10:35:41 2017,0,48e15835,3647432844,修因柱斑鸣佐
00:03:35,1,25,16777215,Fri Mar 10 03:03:32 2017,0,f67fba43,3084782476,因陀罗与阿修罗的宿命在鸣人这一代终于终极了
00:03:35,1,25,16777215,Mon Jul 11 22:10:17 2016,0,12925e0d,2071620809,在一起在一起
00:03:36,1,25,16777215,Sat Jun 16 13:55:40 2018,0,25661246,1041427455279106,转世是查克拉转世，不是灵魂转世
00:03:37,1,25,16777215,Sat Apr  6 12:44:13 2019,0,e60122df,14356933815304194,扭曲的人生观，扭曲的世界，大部分人都在保护这个扭曲的世界
00:03:37,1,25,6830715,Sun Apr 23 18:06:33 2017,0,75c0ae80,3262487778,二少我的
00:03:38,1,25,16777215,Sat Jan 21 15:03:11 2017,0,bb50821b,2877911328,对家你们刷cp好玩吗？ ky到死
00:03:41,1,25,0,Fri Jul  7 22:10:20 2017,0,18ca72c6,3532420539,鸣佐
00:03:41,1,25,16777215,Thu Jan  4 20:41:29 2018,0,fb3205fe,4156085596,是太子的
00:03:42,1,25,16777215,Tue Apr 18 16:04:31 2017,0,60b0af53,3239956058,终结了却断了
00:03:43,1,25,16777215,Sat Apr  7 21:42:20 2018,0,75d45cd,4445102528,真的是終結谷
00:03:44,1,25,16777215,Mon Sep 12 03:03:31 2016,0,14504ba9,2397720209,明明是鸣佐向，非要来刷什么存在感烦不烦的
